<?xml version="1.0" encoding="UTF-8"?>
<project-private xmlns="http://www.netbeans.org/ns/project-private/1">
    <editor-bookmarks xmlns="http://www.netbeans.org/ns/editor-bookmarks/2" lastBookmarkId="0"/>
    <open-files xmlns="http://www.netbeans.org/ns/projectui-open-files/2">
        <group>
            <file>file:/C:/vm-server/project/ride-workshop/resources/views/public/module/services.blade.php</file>
            <file>file:/C:/vm-server/project/ride-workshop/public/agency/less/uci-styled.less</file>
            <file>file:/C:/vm-server/project/ride-workshop/resources/views/public/module/contact-form.blade.php</file>
            <file>file:/C:/vm-server/project/ride-workshop/.env</file>
            <file>file:/C:/vm-server/project/ride-workshop/public/agency/less/agency.less</file>
        </group>
    </open-files>
</project-private>
