{
  "name": "jquery.inputmask",
  "version": "3.2.5",
  "main": [
    "./dist/inputmask/inputmask.js"
  ],
  "keywords": [
    "jquery",
    "plugins",
    "input",
    "form",
    "inputmask",
    "mask"
  ],
  "description": "jquery.inputmask is a jquery plugin which create an input mask.",
  "license": "http://opensource.org/licenses/mit-license.php",
  "ignore": [
    "**/*",
    "!dist/*",
    "!dist/inputmask/*",
    "!dist/min/*",
    "!dist/min/inputmask/*",
    "!extra/bindings/*",
    "!extra/dependencyLibs/*",
    "!extra/phone-codes/*"
  ],
  "dependencies": {
    "jquery": ">=1.7"
  },
  "authors": [
    {
      "name": "Robin Herbots"
    }
  ],
  "homepage": "http://robinherbots.github.io/jquery.inputmask",
  "_release": "3.2.5",
  "_resolution": {
    "type": "version",
    "tag": "3.2.5",
    "commit": "8b8231b5ef7a8baed9d0a2c930d34dfe0f96375f"
  },
  "_source": "git://github.com/RobinHerbots/jquery.inputmask.git",
  "_target": "~3.2.5",
  "_originalSource": "jquery.inputmask",
  "_direct": true
}